number_of_k,distance,policy,weight,acc_fold0,acc_fold1,acc_fold2,acc_fold3,acc_fold4,acc_fold5,acc_fold6,acc_fold7,acc_fold8,acc_fold9
1,euclidean,majority,,0.9226666666666666,0.9047619047619048,0.9098143236074271,0.9204244031830239,0.91005291005291,0.9047619047619048,0.9021164021164021,0.9126984126984127,0.9310344827586207,0.9414893617021277
1,euclidean,majority,ig,0.944,0.9365079365079365,0.9496021220159151,0.9416445623342176,0.9470899470899471,0.9259259259259259,0.9391534391534392,0.9444444444444444,0.9496021220159151,0.9574468085106383
